ID;FirstName;LastName;Email
1;Hugo;Steiner;hugo.steiner@example.com
2;Olivia;Novak;olivia.novak@example.com
3;Ben;Huber;ben.huber@example.com
4;Ida;Zimmer;ida.zimmer@example.com
5;Paul;Schmid;paul.schmid@example.com
6;Clara;Mayer;clara.mayer@example.com
7;Jonas;Gruber;jonas.gruber@example.com
8;Quirin;Wagner;quirin.wagner@example.com
9;David;Reiter;david.reiter@example.com
10;Katrin;Lang;katrin.lang@example.com
11;Rosa;Fischer;rosa.fischer@example.com
12;Elena;Vogel;elena.vogel@example.com
13;Lukas;Pichler;lukas.pichler@example.com
14;Simon;Keller;simon.keller@example.com
15;Felix;Bauer;felix.bauer@example.com
16;Marie;Steiner;marie.steiner@example.com
17;Tina;Novak;tina.novak@example.com
18;Greta;Huber;greta.huber@example.com
19;Noah;Zimmer;noah.zimmer@example.com
20;Anna;Schmid;anna.schmid@example.com
21;Hugo;Mayer;hugo.mayer@example.com
22;Olivia;Gruber;olivia.gruber@example.com
23;Ben;Wagner;ben.wagner@example.com
24;Ida;Reiter;ida.reiter@example.com
25;Paul;Lang;paul.lang@example.com
26;Clara;Fischer;clara.fischer@example.com
27;Jonas;Vogel;jonas.vogel@example.com
28;Quirin;Pichler;quirin.pichler@example.com
29;David;Keller;david.keller@example.com
30;Katrin;Bauer;katrin.bauer@example.com
31;Rosa;Steiner;rosa.steiner@example.com
32;Elena;Novak;elena.novak@example.com
33;Lukas;Huber;lukas.huber@example.com
34;Simon;Zimmer;simon.zimmer@example.com
35;Felix;Schmid;felix.schmid@example.com
36;Marie;Mayer;marie.mayer@example.com
37;Tina;Gruber;tina.gruber@example.com
38;Greta;Wagner;greta.wagner@example.com
39;Noah;Reiter;noah.reiter@example.com
40;Anna;Lang;anna.lang@example.com
41;Hugo;Fischer;hugo.fischer@example.com
42;Olivia;Vogel;olivia.vogel@example.com
43;Ben;Pichler;ben.pichler@example.com
44;Ida;Keller;ida.keller@example.com
45;Paul;Bauer;paul.bauer@example.com
46;Clara;Steiner;clara.steiner@example.com
47;Jonas;Novak;jonas.novak@example.com
48;Quirin;Huber;quirin.huber@example.com
49;David;Zimmer;david.zimmer@example.com
50;Katrin;Schmid;katrin.schmid@example.com
51;Rosa;Mayer;rosa.mayer@example.com
52;Elena;Gruber;elena.gruber@example.com
53;Lukas;Wagner;lukas.wagner@example.com
54;Simon;Reiter;simon.reiter@example.com
55;Felix;Lang;felix.lang@example.com
56;Marie;Fischer;marie.fischer@example.com
57;Tina;Vogel;tina.vogel@example.com
58;Greta;Pichler;greta.pichler@example.com
59;Noah;Keller;noah.keller@example.com
60;Anna;Bauer;anna.bauer@example.com
