Travel_ID;Pos;FlightNo;BookingDate;Price;Currency_code
1;1;LH644;2027-03-05;861.00;EUR
1;2;LH979;2027-03-05;120.00;EUR
1;3;AF742;2027-03-05;662.00;EUR
2;1;OS727;2026-11-18;290.00;EUR
2;2;AF756;2026-11-18;408.00;EUR
2;3;OS585;2026-11-18;1090.00;EUR
2;4;AF365;2026-11-18;949.00;EUR
3;1;BA419;2027-02-13;288.00;CHF
3;2;LH704;2027-02-13;479.00;CHF
3;3;AZ628;2027-02-13;662.00;CHF
4;1;AZ279;2027-02-07;884.00;EUR
4;2;OS971;2027-02-07;583.00;EUR
4;3;LH753;2027-02-07;992.00;EUR
4;4;OS143;2027-02-07;580.00;EUR
5;1;AZ587;2027-02-14;925.00;EUR
6;1;LH696;2026-09-15;866.00;EUR
6;2;AZ943;2026-09-15;264.00;EUR
6;3;OS235;2026-09-15;1100.00;EUR
6;4;AZ812;2026-09-15;429.00;EUR
7;1;BA687;2027-02-03;452.00;EUR
8;1;BA322;2026-10-26;587.00;EUR
8;2;AZ482;2026-10-26;1260.00;EUR
9;1;OS996;2027-03-07;603.00;USD
10;1;AZ929;2027-03-03;271.00;CHF
10;2;BA640;2027-03-03;1076.00;CHF
10;3;AZ786;2027-03-03;858.00;CHF
10;4;LH956;2027-03-03;1275.00;CHF
11;1;AF934;2027-02-13;481.00;GBP
11;2;BA286;2027-02-13;1370.00;GBP
12;1;BA479;2027-03-04;1075.00;USD
12;2;AZ142;2027-03-04;254.00;USD
12;3;BA378;2027-03-04;1075.00;USD
12;4;AF710;2027-03-04;190.00;USD
13;1;BA590;2027-02-14;600.00;EUR
14;1;LH548;2027-02-28;1321.00;EUR
14;2;OS725;2027-02-28;554.00;EUR
14;3;BA414;2027-02-28;1241.00;EUR
14;4;BA543;2027-02-28;1279.00;EUR
15;1;AF766;2026-11-19;173.00;EUR
15;2;AZ170;2026-11-19;191.00;EUR
15;3;LH231;2026-11-19;773.00;EUR
16;1;AF884;2026-12-30;637.00;EUR
16;2;AZ192;2026-12-30;803.00;EUR
16;3;OS198;2026-12-30;280.00;EUR
16;4;BA355;2026-12-30;194.00;EUR
17;1;OS120;2026-12-25;632.00;CHF
18;1;AF509;2027-01-03;266.00;EUR
19;1;LH956;2026-11-23;278.00;GBP
19;2;LH204;2026-11-23;886.00;GBP
20;1;AZ858;2027-02-12;163.00;EUR
21;1;AF901;2027-02-01;745.00;USD
22;1;OS333;2027-02-01;191.00;GBP
22;2;LH749;2027-02-01;172.00;GBP
22;3;AZ548;2027-02-01;1379.00;GBP
23;1;LH923;2027-02-20;466.00;GBP
23;2;LH835;2027-02-20;354.00;GBP
24;1;AZ446;2026-10-12;1348.00;EUR
25;1;OS260;2026-12-17;1066.00;EUR
26;1;LH708;2026-10-18;407.00;EUR
27;1;AZ194;2027-01-14;702.00;EUR
27;2;LH289;2027-01-14;1116.00;EUR
27;3;LH776;2027-01-14;871.00;EUR
28;1;AF845;2027-03-30;661.00;EUR
28;2;AZ965;2027-03-30;222.00;EUR
28;3;BA198;2027-03-30;291.00;EUR
28;4;BA986;2027-03-30;444.00;EUR
29;1;AZ909;2027-02-20;1354.00;CHF
30;1;BA178;2026-11-10;1308.00;GBP
30;2;AF697;2026-11-10;1011.00;GBP
30;3;OS297;2026-11-10;1344.00;GBP
30;4;AF695;2026-11-10;959.00;GBP
31;1;BA527;2027-01-30;382.00;USD
31;2;AZ792;2027-01-30;438.00;USD
31;3;BA145;2027-01-30;621.00;USD
32;1;OS493;2027-01-30;529.00;EUR
33;1;AZ682;2026-10-29;1263.00;EUR
34;1;AZ435;2026-12-14;623.00;USD
34;2;AF969;2026-12-14;1018.00;USD
35;1;LH577;2026-12-23;367.00;GBP
36;1;OS898;2027-01-14;883.00;GBP
37;1;AZ925;2027-02-12;837.00;GBP
37;2;AF409;2027-02-12;1106.00;GBP
37;3;BA949;2027-02-12;440.00;GBP
38;1;BA695;2027-01-23;453.00;EUR
39;1;OS410;2026-09-28;689.00;EUR
39;2;OS361;2026-09-28;969.00;EUR
40;1;AF302;2027-02-14;698.00;USD
40;2;LH268;2027-02-14;1200.00;USD
40;3;BA824;2027-02-14;437.00;USD
40;4;AF981;2027-02-14;1339.00;USD
41;1;BA905;2026-12-28;990.00;EUR
41;2;BA421;2026-12-28;405.00;EUR
41;3;AF188;2026-12-28;1213.00;EUR
41;4;AZ121;2026-12-28;765.00;EUR
42;1;AF562;2026-10-30;1230.00;GBP
42;2;LH522;2026-10-30;428.00;GBP
42;3;AZ504;2026-10-30;210.00;GBP
43;1;BA216;2026-12-30;1400.00;EUR
43;2;AF872;2026-12-30;515.00;EUR
43;3;AZ597;2026-12-30;507.00;EUR
43;4;LH129;2026-12-30;933.00;EUR
44;1;AZ676;2026-12-28;471.00;GBP
44;2;LH496;2026-12-28;352.00;GBP
44;3;OS802;2026-12-28;1028.00;GBP
44;4;LH410;2026-12-28;1315.00;GBP
45;1;OS959;2027-01-24;713.00;USD
45;2;AF283;2027-01-24;1387.00;USD
45;3;OS537;2027-01-24;1343.00;USD
45;4;AZ614;2027-01-24;164.00;USD
46;1;OS462;2026-12-03;783.00;USD
46;2;AZ111;2026-12-03;391.00;USD
46;3;LH831;2026-12-03;775.00;USD
46;4;OS450;2026-12-03;666.00;USD
47;1;AF475;2026-10-01;568.00;USD
47;2;LH126;2026-10-01;694.00;USD
48;1;AF584;2027-02-06;373.00;USD
48;2;OS300;2027-02-06;711.00;USD
48;3;AZ825;2027-02-06;294.00;USD
48;4;OS642;2027-02-06;712.00;USD
49;1;AF877;2027-01-31;142.00;EUR
49;2;LH363;2027-01-31;830.00;EUR
49;3;OS327;2027-01-31;475.00;EUR
50;1;BA156;2026-12-17;701.00;EUR
50;2;OS153;2026-12-17;952.00;EUR
50;3;BA501;2026-12-17;415.00;EUR
50;4;LH805;2026-12-17;726.00;EUR
51;1;BA175;2027-02-20;319.00;GBP
51;2;LH200;2027-02-20;492.00;GBP
51;3;AZ430;2027-02-20;278.00;GBP
51;4;AF350;2027-02-20;273.00;GBP
52;1;AF944;2027-01-14;128.00;CHF
52;2;BA749;2027-01-14;912.00;CHF
52;3;AF933;2027-01-14;658.00;CHF
53;1;LH141;2027-01-14;767.00;EUR
54;1;AZ873;2026-11-21;623.00;EUR
54;2;AZ541;2026-11-21;153.00;EUR
55;1;AZ658;2027-02-07;351.00;EUR
55;2;BA464;2027-02-07;745.00;EUR
55;3;BA184;2027-02-07;129.00;EUR
55;4;AZ685;2027-02-07;376.00;EUR
56;1;BA728;2026-11-21;154.00;GBP
56;2;AF777;2026-11-21;990.00;GBP
56;3;LH432;2026-11-21;410.00;GBP
56;4;BA180;2026-11-21;1333.00;GBP
57;1;OS929;2026-12-17;1064.00;CHF
58;1;AF256;2027-01-20;125.00;EUR
58;2;OS395;2027-01-20;913.00;EUR
58;3;AF451;2027-01-20;224.00;EUR
59;1;LH314;2027-03-25;674.00;CHF
59;2;LH355;2027-03-25;1140.00;CHF
59;3;AZ273;2027-03-25;373.00;CHF
59;4;LH700;2027-03-25;303.00;CHF
60;1;AZ203;2026-09-27;228.00;USD
60;2;BA896;2026-09-27;438.00;USD
60;3;AZ599;2026-09-27;423.00;USD
61;1;OS120;2027-01-22;796.00;USD
61;2;LH845;2027-01-22;864.00;USD
61;3;BA694;2027-01-22;370.00;USD
61;4;LH652;2027-01-22;750.00;USD
62;1;LH905;2026-10-12;171.00;EUR
62;2;LH919;2026-10-12;173.00;EUR
62;3;OS836;2026-10-12;1313.00;EUR
62;4;BA761;2026-10-12;328.00;EUR
63;1;LH369;2026-10-04;570.00;USD
63;2;AZ783;2026-10-04;1245.00;USD
63;3;LH911;2026-10-04;642.00;USD
64;1;BA600;2026-12-17;921.00;CHF
64;2;AZ440;2026-12-17;203.00;CHF
65;1;LH701;2027-03-04;1371.00;EUR
66;1;OS950;2027-03-21;467.00;EUR
66;2;AZ197;2027-03-21;1217.00;EUR
66;3;OS970;2027-03-21;506.00;EUR
67;1;AF853;2026-09-15;508.00;EUR
67;2;BA612;2026-09-15;383.00;EUR
68;1;AF988;2026-09-18;182.00;EUR
68;2;AF674;2026-09-18;790.00;EUR
69;1;BA850;2027-02-19;279.00;EUR
69;2;BA489;2027-02-19;428.00;EUR
70;1;BA739;2026-09-23;1019.00;EUR
71;1;AZ734;2027-02-09;478.00;EUR
72;1;OS189;2026-12-05;1068.00;GBP
72;2;LH867;2026-12-05;299.00;GBP
72;3;AF780;2026-12-05;1101.00;GBP
72;4;OS736;2026-12-05;439.00;GBP
73;1;AZ677;2026-10-20;1374.00;USD
73;2;OS493;2026-10-20;525.00;USD
73;3;LH830;2026-10-20;1396.00;USD
74;1;AZ959;2027-02-04;643.00;EUR
74;2;AZ236;2027-02-04;534.00;EUR
75;1;AZ555;2027-02-19;786.00;EUR
76;1;AZ505;2026-11-13;457.00;EUR
76;2;OS637;2026-11-13;1144.00;EUR
77;1;LH717;2026-11-15;588.00;EUR
77;2;OS580;2026-11-15;835.00;EUR
78;1;AF379;2026-12-19;1096.00;CHF
79;1;AF357;2027-03-30;285.00;USD
79;2;LH421;2027-03-30;623.00;USD
80;1;AZ404;2027-03-10;266.00;USD
80;2;LH263;2027-03-10;636.00;USD
81;1;AF571;2027-02-08;185.00;EUR
81;2;BA914;2027-02-08;1098.00;EUR
81;3;AZ456;2027-02-08;316.00;EUR
82;1;AF562;2026-11-06;598.00;EUR
82;2;OS828;2026-11-06;1304.00;EUR
82;3;OS215;2026-11-06;559.00;EUR
83;1;OS192;2026-11-06;1339.00;EUR
83;2;LH833;2026-11-06;138.00;EUR
84;1;LH786;2027-02-06;1070.00;EUR
84;2;BA988;2027-02-06;136.00;EUR
84;3;AZ221;2027-02-06;179.00;EUR
85;1;AZ526;2026-12-03;307.00;EUR
85;2;AZ369;2026-12-03;1231.00;EUR
86;1;AZ764;2026-10-12;686.00;USD
86;2;BA291;2026-10-12;574.00;USD
87;1;AZ999;2026-10-06;1308.00;USD
88;1;BA363;2027-01-28;895.00;GBP
88;2;AF186;2027-01-28;860.00;GBP
88;3;OS728;2027-01-28;1287.00;GBP
88;4;OS490;2027-01-28;745.00;GBP
89;1;LH467;2027-03-07;538.00;CHF
89;2;OS130;2027-03-07;237.00;CHF
89;3;AZ954;2027-03-07;1391.00;CHF
89;4;AZ228;2027-03-07;130.00;CHF
90;1;BA989;2026-10-28;702.00;USD
90;2;AF459;2026-10-28;1391.00;USD
90;3;LH416;2026-10-28;548.00;USD
90;4;AZ795;2026-10-28;1183.00;USD
91;1;BA580;2026-12-18;1348.00;EUR
91;2;AZ104;2026-12-18;438.00;EUR
92;1;OS803;2026-10-16;363.00;USD
93;1;AF795;2026-09-20;485.00;GBP
94;1;AF650;2027-02-16;1084.00;EUR
94;2;BA384;2027-02-16;131.00;EUR
94;3;AZ521;2027-02-16;747.00;EUR
95;1;BA793;2026-10-28;950.00;EUR
95;2;AF918;2026-10-28;738.00;EUR
96;1;AZ820;2026-11-19;1154.00;GBP
97;1;BA496;2026-11-23;720.00;EUR
97;2;OS594;2026-11-23;613.00;EUR
97;3;AZ485;2026-11-23;704.00;EUR
97;4;LH509;2026-11-23;941.00;EUR
98;1;OS985;2026-11-19;1093.00;EUR
99;1;BA542;2026-09-16;1162.00;GBP
100;1;AZ890;2027-01-22;584.00;EUR
101;1;AF129;2026-11-11;165.00;CHF
101;2;AZ964;2026-11-11;883.00;CHF
101;3;OS730;2026-11-11;995.00;CHF
101;4;LH128;2026-11-11;920.00;CHF
102;1;BA614;2026-10-26;712.00;EUR
102;2;OS448;2026-10-26;1016.00;EUR
102;3;AZ663;2026-10-26;859.00;EUR
103;1;LH458;2026-11-19;476.00;EUR
103;2;AF524;2026-11-19;1028.00;EUR
104;1;LH509;2026-10-06;701.00;EUR
105;1;AZ165;2027-03-22;1262.00;EUR
105;2;BA161;2027-03-22;534.00;EUR
105;3;AF399;2027-03-22;408.00;EUR
106;1;OS522;2027-01-15;134.00;GBP
106;2;AF894;2027-01-15;202.00;GBP
106;3;AZ470;2027-01-15;130.00;GBP
106;4;AZ219;2027-01-15;887.00;GBP
107;1;AZ835;2026-10-07;714.00;GBP
108;1;AZ276;2026-12-22;876.00;EUR
109;1;AF265;2027-01-14;485.00;EUR
110;1;OS205;2026-11-07;979.00;CHF
110;2;LH780;2026-11-07;1099.00;CHF
111;1;OS338;2027-02-06;345.00;EUR
111;2;OS917;2027-02-06;1084.00;EUR
111;3;AZ672;2027-02-06;175.00;EUR
111;4;BA779;2027-02-06;1064.00;EUR
112;1;LH982;2027-03-12;1152.00;USD
112;2;OS119;2027-03-12;902.00;USD
113;1;AZ855;2027-01-28;483.00;USD
114;1;AZ140;2027-02-09;596.00;EUR
114;2;AZ528;2027-02-09;762.00;EUR
115;1;OS490;2027-03-21;671.00;EUR
115;2;AF387;2027-03-21;558.00;EUR
115;3;AF138;2027-03-21;497.00;EUR
116;1;LH576;2027-02-09;393.00;EUR
116;2;AF786;2027-02-09;640.00;EUR
116;3;LH772;2027-02-09;1374.00;EUR
117;1;OS160;2026-11-16;1097.00;EUR
117;2;LH774;2026-11-16;532.00;EUR
118;1;AZ828;2026-12-20;1260.00;CHF
119;1;AZ522;2026-10-26;321.00;CHF
119;2;LH699;2026-10-26;644.00;CHF
119;3;LH937;2026-10-26;1133.00;CHF
120;1;LH645;2026-12-09;274.00;EUR
121;1;AZ135;2027-03-30;1185.00;EUR
121;2;AF687;2027-03-30;297.00;EUR
121;3;AF570;2027-03-30;371.00;EUR
122;1;OS773;2026-12-19;301.00;EUR
122;2;BA248;2026-12-19;1276.00;EUR
122;3;LH150;2026-12-19;472.00;EUR
122;4;AF126;2026-12-19;320.00;EUR
123;1;LH740;2026-12-04;1390.00;EUR
123;2;OS317;2026-12-04;759.00;EUR
124;1;AZ486;2027-01-27;678.00;GBP
124;2;OS816;2027-01-27;1045.00;GBP
125;1;BA583;2027-04-01;586.00;EUR
125;2;BA838;2027-04-01;677.00;EUR
125;3;AZ531;2027-04-01;998.00;EUR
126;1;AF377;2026-11-21;1012.00;EUR
126;2;AF725;2026-11-21;1163.00;EUR
126;3;AZ894;2026-11-21;1342.00;EUR
126;4;LH514;2026-11-21;145.00;EUR
127;1;BA177;2026-10-06;1035.00;EUR
127;2;OS730;2026-10-06;480.00;EUR
127;3;AF117;2026-10-06;536.00;EUR
127;4;AZ341;2026-10-06;1368.00;EUR
128;1;OS883;2027-02-26;665.00;EUR
129;1;AZ945;2026-12-20;1269.00;EUR
129;2;LH931;2026-12-20;125.00;EUR
130;1;BA789;2026-10-23;1076.00;EUR
131;1;AF137;2027-03-02;279.00;EUR
131;2;OS647;2027-03-02;951.00;EUR
132;1;OS192;2027-01-15;275.00;EUR
132;2;AZ654;2027-01-15;213.00;EUR
132;3;OS820;2027-01-15;419.00;EUR
132;4;BA576;2027-01-15;518.00;EUR
133;1;BA925;2026-11-05;854.00;GBP
133;2;OS369;2026-11-05;749.00;GBP
133;3;LH121;2026-11-05;483.00;GBP
133;4;AZ725;2026-11-05;382.00;GBP
134;1;AZ124;2026-11-15;278.00;GBP
134;2;AF499;2026-11-15;498.00;GBP
134;3;AZ819;2026-11-15;460.00;GBP
134;4;AF640;2026-11-15;395.00;GBP
135;1;AZ598;2027-02-26;1209.00;EUR
136;1;OS346;2026-12-26;1045.00;GBP
136;2;AZ337;2026-12-26;1314.00;GBP
136;3;AF119;2026-12-26;447.00;GBP
136;4;OS199;2026-12-26;884.00;GBP
137;1;AF110;2026-12-30;1242.00;EUR
138;1;AZ313;2027-03-14;763.00;USD
138;2;BA322;2027-03-14;1374.00;USD
138;3;AF531;2027-03-14;1170.00;USD
139;1;LH101;2026-09-30;317.00;CHF
140;1;AF602;2026-09-26;940.00;GBP
140;2;OS282;2026-09-26;918.00;GBP
140;3;OS276;2026-09-26;280.00;GBP
141;1;LH255;2026-12-15;411.00;EUR
142;1;AZ882;2026-10-20;409.00;EUR
142;2;BA104;2026-10-20;507.00;EUR
143;1;AZ193;2027-02-23;503.00;CHF
143;2;BA298;2027-02-23;189.00;CHF
143;3;LH886;2027-02-23;1234.00;CHF
144;1;AF852;2027-03-04;1239.00;EUR
144;2;OS602;2027-03-04;448.00;EUR
144;3;OS458;2027-03-04;215.00;EUR
145;1;AF535;2027-03-01;1001.00;CHF
146;1;BA557;2027-02-20;1394.00;EUR
146;2;BA979;2027-02-20;598.00;EUR
146;3;BA684;2027-02-20;993.00;EUR
146;4;OS913;2027-02-20;522.00;EUR
147;1;AF755;2027-01-10;926.00;CHF
147;2;AZ805;2027-01-10;646.00;CHF
147;3;AZ936;2027-01-10;153.00;CHF
148;1;AZ388;2026-10-24;1130.00;EUR
148;2;LH563;2026-10-24;173.00;EUR
148;3;OS806;2026-10-24;335.00;EUR
148;4;LH254;2026-10-24;1280.00;EUR
149;1;OS308;2026-11-16;288.00;USD
150;1;OS832;2026-11-19;689.00;CHF
150;2;AF784;2026-11-19;1185.00;CHF
150;3;AF827;2026-11-19;415.00;CHF
150;4;AF486;2026-11-19;395.00;CHF
151;1;LH778;2027-03-23;209.00;EUR
152;1;OS371;2026-09-21;358.00;CHF
153;1;AZ675;2026-10-18;1383.00;EUR
153;2;BA379;2026-10-18;891.00;EUR
153;3;AF705;2026-10-18;408.00;EUR
153;4;AZ734;2026-10-18;487.00;EUR
154;1;LH640;2026-12-07;156.00;CHF
154;2;OS774;2026-12-07;312.00;CHF
154;3;AF951;2026-12-07;1318.00;CHF
155;1;BA536;2026-11-15;295.00;GBP
155;2;AZ688;2026-11-15;329.00;GBP
155;3;LH373;2026-11-15;1368.00;GBP
155;4;OS242;2026-11-15;1337.00;GBP
156;1;BA577;2027-02-07;1132.00;EUR
156;2;LH914;2027-02-07;958.00;EUR
157;1;AZ241;2027-01-11;934.00;EUR
157;2;BA578;2027-01-11;478.00;EUR
157;3;AZ523;2027-01-11;1124.00;EUR
157;4;OS919;2027-01-11;970.00;EUR
158;1;LH902;2026-12-21;1008.00;EUR
159;1;AZ839;2027-02-27;1129.00;EUR
159;2;AF878;2027-02-27;567.00;EUR
159;3;OS666;2027-02-27;523.00;EUR
160;1;LH200;2026-11-03;539.00;EUR
161;1;BA712;2026-10-19;584.00;EUR
161;2;AZ221;2026-10-19;788.00;EUR
162;1;BA245;2027-03-29;674.00;EUR
162;2;BA771;2027-03-29;566.00;EUR
163;1;OS746;2027-03-02;197.00;EUR
163;2;OS670;2027-03-02;850.00;EUR
163;3;OS412;2027-03-02;371.00;EUR
163;4;BA225;2027-03-02;868.00;EUR
164;1;BA784;2026-12-30;1365.00;USD
164;2;LH121;2026-12-30;232.00;USD
164;3;OS881;2026-12-30;1259.00;USD
164;4;AZ147;2026-12-30;1061.00;USD
165;1;LH273;2026-12-27;1206.00;EUR
165;2;AF215;2026-12-27;240.00;EUR
165;3;LH715;2026-12-27;464.00;EUR
165;4;OS449;2026-12-27;1289.00;EUR
166;1;AZ222;2027-02-02;563.00;EUR
166;2;BA491;2027-02-02;845.00;EUR
167;1;AF142;2026-12-23;1368.00;CHF
167;2;AZ980;2026-12-23;1040.00;CHF
167;3;AF303;2026-12-23;709.00;CHF
168;1;LH265;2026-10-17;721.00;CHF
168;2;AF416;2026-10-17;976.00;CHF
169;1;AZ440;2026-10-16;1362.00;EUR
169;2;AZ407;2026-10-16;1267.00;EUR
170;1;OS375;2027-02-17;478.00;GBP
170;2;BA940;2027-02-17;683.00;GBP
170;3;AZ757;2027-02-17;761.00;GBP
170;4;LH224;2027-02-17;270.00;GBP
171;1;AF307;2026-11-11;1203.00;CHF
171;2;BA511;2026-11-11;923.00;CHF
171;3;BA863;2026-11-11;833.00;CHF
171;4;LH905;2026-11-11;620.00;CHF
172;1;OS562;2027-03-11;396.00;EUR
172;2;OS374;2027-03-11;1010.00;EUR
172;3;BA478;2027-03-11;233.00;EUR
173;1;OS220;2027-02-22;716.00;EUR
173;2;OS102;2027-02-22;1232.00;EUR
173;3;OS695;2027-02-22;926.00;EUR
174;1;AZ161;2026-09-26;623.00;GBP
174;2;AF884;2026-09-26;121.00;GBP
174;3;AF153;2026-09-26;810.00;GBP
174;4;AF553;2026-09-26;888.00;GBP
175;1;AF769;2026-09-22;996.00;EUR
175;2;LH322;2026-09-22;1097.00;EUR
175;3;AF811;2026-09-22;784.00;EUR
175;4;OS741;2026-09-22;300.00;EUR
176;1;OS448;2027-01-19;226.00;EUR
176;2;OS747;2027-01-19;1229.00;EUR
177;1;BA569;2026-09-19;149.00;EUR
177;2;LH868;2026-09-19;743.00;EUR
178;1;OS969;2027-04-03;1156.00;GBP
178;2;LH464;2027-04-03;678.00;GBP
178;3;AZ163;2027-04-03;841.00;GBP
179;1;OS472;2027-03-14;522.00;GBP
179;2;LH838;2027-03-14;1018.00;GBP
179;3;OS947;2027-03-14;677.00;GBP
180;1;OS662;2027-02-16;1340.00;GBP
180;2;AZ484;2027-02-16;1237.00;GBP
180;3;OS895;2027-02-16;752.00;GBP
181;1;AZ504;2026-12-04;827.00;GBP
181;2;OS472;2026-12-04;623.00;GBP
182;1;LH236;2026-11-27;1302.00;EUR
182;2;OS534;2026-11-27;1086.00;EUR
182;3;AZ233;2026-11-27;487.00;EUR
183;1;AF809;2027-01-16;757.00;EUR
183;2;OS602;2027-01-16;1284.00;EUR
183;3;AZ128;2027-01-16;1068.00;EUR
184;1;AZ935;2026-10-25;814.00;USD
185;1;BA942;2027-03-10;276.00;EUR
185;2;BA375;2027-03-10;223.00;EUR
186;1;BA273;2027-03-31;783.00;EUR
187;1;LH600;2026-10-13;1283.00;USD
187;2;OS742;2026-10-13;389.00;USD
187;3;OS885;2026-10-13;240.00;USD
188;1;AZ828;2027-03-13;758.00;CHF
188;2;LH136;2027-03-13;749.00;CHF
188;3;OS443;2027-03-13;673.00;CHF
188;4;AZ267;2027-03-13;240.00;CHF
189;1;LH550;2026-10-11;766.00;CHF
189;2;BA736;2026-10-11;1089.00;CHF
189;3;AZ928;2026-10-11;271.00;CHF
190;1;AF621;2027-02-06;228.00;EUR
191;1;OS885;2026-10-17;1161.00;EUR
191;2;AZ356;2026-10-17;1303.00;EUR
191;3;AZ492;2026-10-17;1381.00;EUR
192;1;LH975;2026-12-25;734.00;EUR
192;2;BA269;2026-12-25;392.00;EUR
192;3;LH989;2026-12-25;1131.00;EUR
193;1;BA435;2027-02-11;586.00;CHF
194;1;AF939;2026-12-17;498.00;EUR
194;2;AF865;2026-12-17;1148.00;EUR
194;3;AF987;2026-12-17;1135.00;EUR
195;1;LH163;2026-09-23;576.00;GBP
195;2;BA924;2026-09-23;831.00;GBP
195;3;AF319;2026-09-23;599.00;GBP
195;4;AF884;2026-09-23;629.00;GBP
196;1;AF356;2026-09-29;1132.00;CHF
196;2;LH469;2026-09-29;947.00;CHF
197;1;AF995;2026-12-08;801.00;EUR
198;1;OS868;2026-11-12;1024.00;GBP
198;2;BA220;2026-11-12;893.00;GBP
199;1;AF958;2026-11-20;1342.00;EUR
200;1;OS115;2027-02-13;1307.00;EUR
201;1;BA716;2027-03-30;1344.00;USD
202;1;BA336;2027-01-15;1002.00;EUR
202;2;AZ786;2027-01-15;276.00;EUR
202;3;AZ580;2027-01-15;625.00;EUR
203;1;OS856;2026-10-03;1359.00;EUR
203;2;AF835;2026-10-03;244.00;EUR
203;3;BA623;2026-10-03;554.00;EUR
204;1;OS824;2027-03-30;612.00;CHF
204;2;BA724;2027-03-30;981.00;CHF
205;1;AZ704;2027-02-25;1107.00;EUR
205;2;LH377;2027-02-25;623.00;EUR
205;3;BA283;2027-02-25;260.00;EUR
206;1;AZ314;2027-02-08;940.00;EUR
207;1;AZ147;2026-11-10;494.00;GBP
207;2;AF475;2026-11-10;929.00;GBP
208;1;BA499;2027-03-18;1135.00;EUR
208;2;BA227;2027-03-18;430.00;EUR
208;3;LH509;2027-03-18;1366.00;EUR
209;1;AF434;2027-01-03;465.00;EUR
209;2;OS128;2027-01-03;1119.00;EUR
210;1;BA459;2026-10-07;994.00;EUR
210;2;OS388;2026-10-07;471.00;EUR
211;1;OS835;2027-03-11;816.00;CHF
212;1;OS643;2026-12-16;454.00;EUR
212;2;OS728;2026-12-16;364.00;EUR
213;1;AF148;2027-04-01;446.00;EUR
213;2;OS964;2027-04-01;1351.00;EUR
213;3;AZ216;2027-04-01;670.00;EUR
214;1;LH282;2027-03-06;636.00;EUR
214;2;LH289;2027-03-06;1053.00;EUR
214;3;AF984;2027-03-06;1055.00;EUR
215;1;BA902;2026-11-30;646.00;EUR
215;2;AF918;2026-11-30;1187.00;EUR
215;3;BA111;2026-11-30;1085.00;EUR
215;4;AF984;2026-11-30;636.00;EUR
216;1;OS198;2027-02-01;1048.00;USD
216;2;BA930;2027-02-01;1180.00;USD
216;3;AZ667;2027-02-01;295.00;USD
216;4;LH505;2027-02-01;1190.00;USD
217;1;LH334;2027-01-31;803.00;EUR
217;2;AZ914;2027-01-31;361.00;EUR
217;3;AZ918;2027-01-31;1293.00;EUR
217;4;AZ522;2027-01-31;639.00;EUR
218;1;LH751;2026-12-08;1214.00;EUR
219;1;AF611;2026-09-20;851.00;EUR
220;1;AZ930;2026-10-30;150.00;EUR
221;1;BA922;2026-09-20;1183.00;EUR
221;2;AZ819;2026-09-20;197.00;EUR
221;3;OS541;2026-09-20;1085.00;EUR
221;4;AF130;2026-09-20;883.00;EUR
222;1;LH102;2027-02-27;544.00;GBP
222;2;AF651;2027-02-27;1265.00;GBP
222;3;LH828;2027-02-27;395.00;GBP
223;1;AZ510;2027-03-17;481.00;EUR
223;2;BA741;2027-03-17;854.00;EUR
223;3;LH802;2027-03-17;990.00;EUR
224;1;BA682;2027-02-09;611.00;USD
224;2;BA123;2027-02-09;505.00;USD
225;1;AZ347;2027-01-24;315.00;EUR
225;2;OS283;2027-01-24;1234.00;EUR
226;1;BA960;2026-09-25;880.00;GBP
226;2;AF792;2026-09-25;1290.00;GBP
226;3;BA631;2026-09-25;857.00;GBP
226;4;AF146;2026-09-25;1023.00;GBP
227;1;AF503;2026-12-12;1355.00;GBP
227;2;AZ628;2026-12-12;312.00;GBP
228;1;AF731;2026-11-07;686.00;USD
228;2;BA959;2026-11-07;1313.00;USD
229;1;AF897;2027-02-27;864.00;CHF
229;2;OS588;2027-02-27;768.00;CHF
229;3;AZ593;2027-02-27;983.00;CHF
229;4;BA669;2027-02-27;1105.00;CHF
230;1;LH236;2026-09-16;1367.00;EUR
230;2;BA570;2026-09-16;880.00;EUR
231;1;BA411;2026-09-17;1168.00;EUR
232;1;BA732;2027-03-12;217.00;EUR
232;2;LH634;2027-03-12;164.00;EUR
232;3;OS988;2027-03-12;137.00;EUR
233;1;BA353;2026-09-16;1054.00;GBP
233;2;LH223;2026-09-16;407.00;GBP
234;1;AZ624;2026-10-10;838.00;EUR
234;2;OS470;2026-10-10;1202.00;EUR
234;3;AZ250;2026-10-10;1039.00;EUR
235;1;BA524;2026-10-04;141.00;EUR
235;2;OS194;2026-10-04;1155.00;EUR
235;3;AZ361;2026-10-04;694.00;EUR
236;1;AZ350;2027-04-02;543.00;EUR
236;2;AF814;2027-04-02;571.00;EUR
236;3;AZ745;2027-04-02;215.00;EUR
236;4;AZ396;2027-04-02;301.00;EUR
237;1;LH814;2027-03-17;1087.00;EUR
237;2;AF852;2027-03-17;875.00;EUR
237;3;AZ384;2027-03-17;723.00;EUR
238;1;OS573;2026-10-24;627.00;CHF
238;2;AF500;2026-10-24;1052.00;CHF
238;3;AF703;2026-10-24;982.00;CHF
239;1;LH134;2026-11-01;898.00;EUR
239;2;AF171;2026-11-01;1152.00;EUR
239;3;OS579;2026-11-01;135.00;EUR
239;4;AZ483;2026-11-01;506.00;EUR
240;1;BA110;2027-02-09;295.00;EUR
240;2;AF390;2027-02-09;1167.00;EUR
240;3;LH100;2027-02-09;156.00;EUR
240;4;LH800;2027-02-09;897.00;EUR
241;1;OS930;2027-03-22;624.00;EUR
242;1;AZ841;2027-03-01;1349.00;EUR
242;2;AZ122;2027-03-01;1258.00;EUR
242;3;AZ397;2027-03-01;627.00;EUR
242;4;LH447;2027-03-01;1053.00;EUR
243;1;BA129;2027-03-20;718.00;EUR
243;2;AZ362;2027-03-20;666.00;EUR
244;1;LH782;2026-11-23;306.00;GBP
244;2;AZ559;2026-11-23;369.00;GBP
244;3;BA255;2026-11-23;521.00;GBP
244;4;OS108;2026-11-23;653.00;GBP
245;1;AZ819;2026-12-31;1272.00;EUR
245;2;OS872;2026-12-31;220.00;EUR
245;3;LH537;2026-12-31;243.00;EUR
245;4;OS742;2026-12-31;638.00;EUR
246;1;LH712;2027-02-24;1400.00;GBP
247;1;LH824;2026-09-28;720.00;EUR
248;1;OS918;2026-10-11;1192.00;EUR
248;2;AZ990;2026-10-11;1379.00;EUR
248;3;OS180;2026-10-11;463.00;EUR
249;1;AF753;2026-10-03;340.00;CHF
250;1;AZ545;2027-03-20;1300.00;EUR
251;1;BA216;2026-11-25;1182.00;EUR
251;2;LH575;2026-11-25;214.00;EUR
251;3;OS464;2026-11-25;1189.00;EUR
251;4;AZ762;2026-11-25;257.00;EUR
252;1;BA145;2027-02-17;285.00;EUR
252;2;LH120;2027-02-17;1263.00;EUR
252;3;BA813;2027-02-17;847.00;EUR
252;4;AF445;2027-02-17;450.00;EUR
253;1;BA962;2027-01-04;276.00;CHF
253;2;AZ326;2027-01-04;529.00;CHF
253;3;BA645;2027-01-04;682.00;CHF
253;4;AF536;2027-01-04;616.00;CHF
254;1;BA643;2026-12-14;1077.00;EUR
254;2;AF866;2026-12-14;1037.00;EUR
254;3;BA537;2026-12-14;948.00;EUR
254;4;AZ433;2026-12-14;819.00;EUR
255;1;BA533;2027-01-25;690.00;CHF
255;2;OS504;2027-01-25;442.00;CHF
255;3;BA351;2027-01-25;620.00;CHF
255;4;BA124;2027-01-25;206.00;CHF
256;1;BA931;2027-01-04;587.00;EUR
256;2;OS399;2027-01-04;163.00;EUR
256;3;OS151;2027-01-04;887.00;EUR
256;4;OS639;2027-01-04;130.00;EUR
257;1;LH303;2026-10-12;896.00;GBP
258;1;BA644;2026-11-29;537.00;EUR
258;2;AZ966;2026-11-29;556.00;EUR
258;3;AZ803;2026-11-29;180.00;EUR
259;1;OS674;2026-12-04;1392.00;USD
260;1;AF142;2026-12-30;641.00;EUR
260;2;BA373;2026-12-30;929.00;EUR
260;3;AZ210;2026-12-30;1120.00;EUR
260;4;AZ724;2026-12-30;1316.00;EUR
261;1;AZ748;2026-09-27;473.00;CHF
262;1;AF663;2027-02-27;318.00;CHF
262;2;AF777;2027-02-27;599.00;CHF
263;1;AZ867;2027-01-31;1185.00;EUR
263;2;BA116;2027-01-31;316.00;EUR
263;3;LH344;2027-01-31;674.00;EUR
263;4;BA578;2027-01-31;932.00;EUR
264;1;BA170;2027-02-08;1319.00;EUR
264;2;BA639;2027-02-08;1172.00;EUR
264;3;AF688;2027-02-08;276.00;EUR
265;1;AF119;2027-04-03;1363.00;USD
265;2;LH403;2027-04-03;757.00;USD
265;3;OS386;2027-04-03;193.00;USD
266;1;LH506;2026-11-17;420.00;EUR
266;2;AF271;2026-11-17;1209.00;EUR
266;3;BA929;2026-11-17;806.00;EUR
266;4;LH289;2026-11-17;1322.00;EUR
267;1;AF758;2027-02-24;1148.00;EUR
267;2;AZ826;2027-02-24;721.00;EUR
267;3;LH804;2027-02-24;286.00;EUR
268;1;AF121;2027-02-25;571.00;GBP
268;2;OS330;2027-02-25;430.00;GBP
268;3;AZ609;2027-02-25;384.00;GBP
268;4;LH405;2027-02-25;1005.00;GBP
269;1;OS194;2026-11-06;297.00;EUR
269;2;OS419;2026-11-06;934.00;EUR
270;1;AF854;2027-03-23;1119.00;USD
270;2;LH800;2027-03-23;320.00;USD
270;3;AZ746;2027-03-23;171.00;USD
270;4;BA226;2027-03-23;1263.00;USD
271;1;OS763;2027-02-21;1048.00;EUR
271;2;BA378;2027-02-21;865.00;EUR
271;3;LH153;2027-02-21;597.00;EUR
271;4;AF402;2027-02-21;1277.00;EUR
272;1;OS593;2026-12-29;1280.00;USD
272;2;BA221;2026-12-29;1221.00;USD
272;3;LH550;2026-12-29;947.00;USD
273;1;BA960;2027-04-02;1261.00;EUR
273;2;BA352;2027-04-02;1156.00;EUR
273;3;OS783;2027-04-02;429.00;EUR
273;4;AZ958;2027-04-02;139.00;EUR
274;1;AF318;2027-01-04;125.00;USD
274;2;AZ757;2027-01-04;1219.00;USD
274;3;BA922;2027-01-04;592.00;USD
274;4;OS548;2027-01-04;625.00;USD
275;1;BA538;2027-02-07;1083.00;EUR
276;1;AZ498;2027-03-13;364.00;EUR
276;2;AF235;2027-03-13;1283.00;EUR
277;1;BA756;2026-09-29;648.00;GBP
278;1;AZ271;2027-03-14;1088.00;USD
279;1;LH760;2026-11-04;1274.00;GBP
279;2;OS638;2026-11-04;806.00;GBP
280;1;LH155;2026-11-08;1137.00;EUR
281;1;AZ525;2027-02-11;147.00;CHF
281;2;OS400;2027-02-11;381.00;CHF
281;3;AF782;2027-02-11;1001.00;CHF
281;4;LH440;2027-02-11;744.00;CHF
282;1;AF170;2027-01-29;1068.00;EUR
283;1;AZ489;2026-09-21;227.00;EUR
283;2;OS825;2026-09-21;993.00;EUR
284;1;BA850;2026-11-25;1184.00;EUR
285;1;LH912;2026-09-17;329.00;CHF
285;2;LH446;2026-09-17;1392.00;CHF
285;3;LH668;2026-09-17;730.00;CHF
285;4;LH625;2026-09-17;1174.00;CHF
286;1;BA791;2026-12-28;827.00;EUR
286;2;LH305;2026-12-28;1257.00;EUR
286;3;LH268;2026-12-28;385.00;EUR
287;1;AF356;2026-09-29;864.00;CHF
288;1;AZ217;2026-10-28;1341.00;EUR
288;2;AZ465;2026-10-28;468.00;EUR
289;1;AZ461;2026-10-18;1307.00;EUR
290;1;BA450;2026-10-09;148.00;EUR
291;1;LH460;2026-11-15;629.00;EUR
291;2;LH352;2026-11-15;1019.00;EUR
292;1;OS286;2026-12-16;477.00;GBP
292;2;AZ738;2026-12-16;631.00;GBP
293;1;AZ613;2027-02-09;923.00;EUR
293;2;AZ839;2027-02-09;1125.00;EUR
293;3;BA242;2027-02-09;1157.00;EUR
293;4;AF305;2027-02-09;436.00;EUR
294;1;LH186;2027-01-31;805.00;EUR
294;2;AZ944;2027-01-31;1152.00;EUR
295;1;BA371;2026-09-29;1052.00;CHF
295;2;AZ323;2026-09-29;404.00;CHF
296;1;AZ863;2026-12-28;270.00;EUR
297;1;OS101;2027-03-10;150.00;EUR
297;2;AF854;2027-03-10;1073.00;EUR
298;1;AZ810;2027-01-13;797.00;EUR
298;2;AZ199;2027-01-13;1297.00;EUR
298;3;AF258;2027-01-13;1212.00;EUR
298;4;LH409;2027-01-13;401.00;EUR
299;1;LH384;2026-11-09;151.00;EUR
299;2;AZ168;2026-11-09;783.00;EUR
300;1;AF770;2027-03-06;1167.00;EUR
300;2;AZ391;2027-03-06;1230.00;EUR
300;3;AZ775;2027-03-06;1282.00;EUR
300;4;OS513;2027-03-06;1214.00;EUR
